Competitor,Source Name,Source DA,Link Type,Relevance,Strategy for LexiFlow
Filevine,LawNext (Ambrogi),50,News/Review,High,Pitch MeritScan for a deep-dive review to Bob Ambrogi.
Filevine,Artificial Lawyer,45,M&A/News,High,Pitch reasoning AI lead qualification angle to Richard Tromans.
Filevine,Lawyerist,55,Product Review,High,Submit LexiFlow for a "Best Intake" category review.
Clio,Clio App Directory,65,Integration,High,Complete Clio integration and list LexiFlow in their marketplace.
Clio,Law.com (Legaltech News),72,News/Press Release,High,Distribute press release about "24/7 AI Lead Conversion".
Clio,ABA Journal,92,Feature Article,High,Pitch expert quote on AI ethics in intake to ABA editors.
CASEpeer,G2.com,90,Directory/Reviews,High,Create LexiFlow profile and incentivize first 10 pilot firm reviews.
CASEpeer,Capterra,90,Directory/Reviews,High,List under "Legal Case Management" and "Medical Records" categories.
CASEpeer,Software Advice,85,Directory/Reviews,High,Get listed in legal software comparison guides.
All,Legaltech Hub,40,Directory,High,List LexiFlow in the "Intake" and "Medical Merit Review" categories.
All,ILTA (International Legal Tech Assoc),50,Association,Medium,Join as a member and contribute to the "AI in Practice" blog.
All,Above the Law,85,Op-ed/Sponsored,Medium,Write an op-ed on "The Death of the Manual Case Merit Review".
All,Legal IT Insider,45,News,Medium,Send product launch announcement to Caroline Hill.
All,Law Technology Today,50,Guest Post,High,Submit guest post on "ROI of AI for Personal Injury Firms".
All,Justia,90,Directory,Medium,Ensure brand presence in Justia's legal technology section.
